City_ID,City,Lat,Lng,Max Temp,Humidity,Cloudiness,Wind Speed,Country,Date
0,rio grande,-32.035,-52.0986,298.12,89,68,1.9,BR,1708679562
1,bredasdorp,-34.5322,20.0403,289.77,82,10,2.82,ZA,1708748534
2,jalalaqsi,3.3766,45.5996,297.63,66,26,7.5,SO,1708744203
3,la passe,45.5549,-0.8967,278.28,77,71,5.44,FR,1708757532
4,alice springs,-23.7,133.8833,307.71,22,0,5.14,AU,1708721815
5,adamstown,-25.066,-130.1015,299.6,73,20,3.26,PN,1708698691
6,kill devil hills,36.0307,-75.676,284.15,96,40,2.57,US,1708688487
7,qarah zia' od din,38.8915,45.0255,273.63,86,100,1.5,IR,1708746047
8,hamilton,39.1834,-84.5333,282.12,65,20,4.63,US,1708690813
9,remire-montjoly,4.9167,-52.2667,300.17,83,75,3.09,GF,1708681365
10,invercargill,-46.4,168.35,289.27,90,100,6.26,NZ,1708711992
11,mount pearl,47.5166,-52.7813,272.84,97,100,4.63,CA,1708683838
12,stephenville,32.2207,-98.2023,289.69,39,0,2.06,US,1708693665
13,ushuaia,-54.8,-68.3,278.96,75,40,5.14,AR,1708681383
14,susuman,62.7833,148.1667,247.75,92,98,1.24,RU,1708723906
15,blackmans bay,-43.0167,147.3167,295.11,47,1,0.89,AU,1708717346
16,grytviken,-54.2811,-36.5092,277.16,80,4,6.59,GS,1708673814
17,talara,-4.5772,-81.2719,300.57,74,0,4.63,PE,1708687925
18,waitangi,-43.9535,-176.5597,292.49,94,93,8.29,NZ,1708795069
19,ancud,-41.8697,-73.8203,284.66,73,100,1.88,CL,1708684084
20,bouca,6.5105,18.2733,299.63,28,100,3.45,CF,1708750889
21,puerto ayora,-0.7393,-90.3518,300.12,93,73,0.89,EC,1708690266
22,yellowknife,62.456,-114.3525,261.44,95,100,8.75,CA,1708700499
23,urzhum,57.1141,49.9996,257.3,93,15,3.18,RU,1708746512
24,iskateley,67.6803,53.1512,272.05,94,100,7.6,RU,1708747794
25,bethel,41.3712,-73.414,279.08,82,0,2.06,US,1708688298
26,hermanus,-34.4187,19.2345,290.73,82,10,4.56,ZA,1708748734
27,west island,-12.1568,96.8225,302.14,74,48,5.66,CC,1708731257
28,iqaluit,63.7506,-68.5145,242.0,69,40,3.09,CA,1708689782
29,hulan ergi,47.2042,123.6333,265.04,58,99,1.6,CN,1708727817
30,tolanaro,-25.0319,46.9987,298.19,88,20,5.14,MG,1708742606
31,suva,-18.1416,178.4415,298.86,100,75,2.57,FJ,1708711391
32,lautoka,-17.6167,177.4667,304.07,70,75,5.66,FJ,1708711650
33,qorovulbozor,39.5006,64.7936,271.99,82,100,4.11,UZ,1708741347
34,kodiak,57.79,-152.4072,274.88,80,100,1.54,US,1708708850
35,minas de marcona,-15.2119,-75.1103,293.37,76,94,3.98,PE,1708685976
36,sao joao da barra,-21.6403,-41.0511,298.37,92,45,8.08,BR,1708677488
37,benghazi,32.1167,20.0667,289.7,62,4,2.29,LY,1708751630
38,jamestown,42.097,-79.2353,275.66,87,100,3.13,US,1708689746
39,port alfred,-33.5906,26.891,295.47,95,70,2.24,ZA,1708746948
40,balkanabat,39.5108,54.3671,278.59,65,100,1.69,TM,1708743848
41,lebu,-37.6167,-73.65,286.0,82,2,8.03,CL,1708684367
42,sirjan,29.452,55.6814,280.12,26,10,1.9,IR,1708742947
43,talnakh,69.4865,88.3972,251.04,97,100,3.77,RU,1708739921
44,isna,25.2934,32.554,292.16,44,100,1.39,EG,1708748285
45,anadyr,64.75,177.4833,250.43,76,75,3.0,RU,1708717295
46,port elizabeth,-33.918,25.5701,294.99,84,0,9.77,ZA,1708747245
47,sinop,41.7711,34.8709,278.68,58,3,3.56,TR,1708748676
48,hithadhoo,-0.6,73.0833,301.22,79,33,3.74,MV,1708737444
49,askiz,53.1319,90.5264,247.97,97,100,0.65,RU,1708736322
50,qaqortoq,60.7167,-46.0333,260.44,71,53,2.87,GL,1708683824
51,inhambane,-23.865,35.3833,297.2,79,18,2.38,MZ,1708745455
52,saipan,15.1355,145.701,301.54,74,100,10.29,MP,1708720679
53,laguna paiva,-31.3039,-60.6589,295.92,93,0,1.34,AR,1708681663
54,douglas,41.3,-96.167,280.14,61,0,5.14,US,1708693748
55,petropavlovsk-kamchatsky,53.0452,158.6483,261.48,71,0,4.92,RU,1708719988
56,kabare,-2.4683,28.8242,290.02,91,100,0.59,CD,1708747988
57,truckee,39.328,-120.1833,281.33,68,100,2.57,US,1708699371
58,saint-philippe,-21.3585,55.7679,296.92,85,40,6.54,RE,1708740686
59,pathalgaon,22.5667,83.4667,290.53,41,2,2.29,IN,1708735943
60,portoferraio,42.8115,10.3146,286.53,66,1,6.82,IT,1708754637
61,thompson,55.7435,-97.8558,259.24,51,100,4.12,CA,1708695507
62,booue,-0.0921,11.9385,296.92,98,100,1.28,GA,1708752138
63,zouerate,22.7187,-12.4521,290.61,60,1,5.92,MR,1708758958
64,hadibu,12.65,54.0333,297.09,70,34,4.06,YE,1708742564
65,kargasok,59.0556,80.8572,251.46,97,94,2.68,RU,1708739394
66,gornopravdinsk,60.05,69.9,263.5,95,100,3.78,RU,1708742172
67,vorgashor,67.5833,63.95,266.74,95,100,5.84,RU,1708745182
68,sitka,57.0531,-135.33,276.09,87,100,2.06,US,1708704657
69,albany,42.6001,-73.9662,275.57,91,97,1.93,US,1708688520
70,margaret river,-33.95,115.0667,293.19,70,100,8.59,AU,1708725750
71,qeshm,26.9581,56.2719,290.09,70,5,0.66,IR,1708742678
72,whitehorse,60.7161,-135.0538,270.58,54,75,5.66,CA,1708705145
73,choix,26.7092,-108.3219,296.59,18,99,0.85,MX,1708695797
74,mount isa,-20.7333,139.5,304.02,58,75,5.14,AU,1708720615
75,revelstoke,50.9832,-118.2023,275.16,100,100,1.54,CA,1708699845
76,laguna,38.421,-121.4238,291.14,52,0,3.09,US,1708699608
77,hawaiian paradise park,19.5933,-154.9731,298.88,73,40,7.72,US,1708706645
78,roma,43.2128,-75.4557,276.94,91,20,1.54,US,1708688923
79,papatowai,-46.5619,169.4708,290.37,86,100,1.55,NZ,1708711707
80,nantucket,41.2835,-70.0995,278.23,99,100,5.44,US,1708687497
81,edinburgh of the seven seas,-37.0676,-12.3116,288.57,67,12,3.92,SH,1708756136
82,tiksi,71.6872,128.8694,250.61,96,100,2.31,RU,1708731091
83,temara,33.9287,-6.9066,285.2,100,75,3.09,MA,1708758200
84,happy valley-goose bay,53.3168,-60.3315,273.32,74,100,2.57,CA,1708686225
85,afaahiti,-17.75,-149.2833,301.08,72,100,0.87,PF,1708703662
86,palamos,41.8484,3.1291,279.42,84,59,0.45,ES,1708756291
87,byron bay,-28.65,153.6167,299.66,76,100,1.9,AU,1708716810
88,vilyuchinsk,52.9306,158.4028,262.3,57,3,3.11,RU,1708720035
89,udachny,66.4167,112.4,249.09,73,100,1.01,RU,1708733274
90,bambanglipuro,-7.95,110.2833,302.49,69,99,1.16,ID,1708728209
91,stanley,54.868,-1.6985,273.02,95,0,1.03,GB,1708758618
92,ponta delgada,37.7333,-25.6667,287.55,77,75,4.12,PT,1708762924
93,kaman,27.65,77.2667,284.79,25,95,1.39,IN,1708737677
94,lihue,21.9789,-159.3672,298.73,69,75,6.17,US,1708707810
95,escarcega,18.6089,-90.7454,293.0,71,0,2.0,MX,1708691193
96,ust-nera,64.5667,143.2,245.61,97,95,1.43,RU,1708725462
97,petrovsk-zabaykal'skiy,51.273,108.843,253.57,90,100,1.39,RU,1708731738
98,kasongo-lunda,-6.4667,16.8167,295.6,97,100,0.44,CD,1708750704
99,ilulissat,69.2167,-51.1,260.16,43,40,5.14,GL,1708773205
100,jayapura,-2.5333,140.7,299.81,71,95,3.3,ID,1708721137
101,sangueya,10.7,-14.3667,294.84,87,28,0.29,GN,1708758893
102,shimoda,34.6667,138.95,281.35,67,61,7.15,JP,1708723265
103,port mathurin,-19.6833,63.4167,300.42,83,45,5.32,MU,1708738931
104,wladyslawowo,54.7909,18.4009,279.23,84,100,3.75,PL,1708753793
105,porto novo,6.4965,2.6036,302.05,73,100,2.11,BJ,1708754648
106,aasiaat,68.7098,-52.8699,252.0,79,100,6.75,GL,1708687331
107,avarua,-21.2078,-159.775,301.18,89,75,5.14,CK,1708706013
108,bilibino,68.0546,166.4372,245.89,94,100,1.29,RU,1708720793
109,isafjordur,66.0755,-23.124,268.77,88,99,4.79,IS,1708765628
110,isangel,-19.55,169.2667,305.21,66,40,3.09,VU,1708713527
111,chonchi,-42.6128,-73.8092,284.71,77,100,1.27,CL,1708684020
112,irymple,-34.25,142.1667,295.98,42,0,0.45,AU,1708719223
113,murzzuschlag,47.6,15.6833,278.18,97,100,1.1,AT,1708753726
114,kone,-21.0595,164.8658,305.32,55,85,2.19,NC,1708714509
115,renfrew,55.872,-4.3925,276.66,94,20,1.54,GB,1708759385
116,badiyah,22.45,58.8,293.29,59,0,1.21,OM,1708741854
117,codrington,-38.2667,141.9667,292.69,47,5,5.04,AU,1708718998
118,kanye,-24.9667,25.3327,294.65,45,46,5.58,BW,1708747811
119,arenas de san pedro,40.2104,-5.0869,277.36,90,85,3.8,ES,1708758149
120,morelos,18.75,-99.0,298.04,23,0,2.0,MX,1708693179
121,kalmunai,7.4167,81.8167,298.68,79,100,0.23,LK,1708735679
122,greensburg,40.3015,-79.5389,281.36,82,100,4.63,US,1708689691
123,fale old settlement,-9.3852,-171.2468,302.26,73,20,3.4,TK,1708795719
124,eenhana,-17.4667,16.3333,298.44,32,92,1.72,NA,1708750339
125,puerto natales,-51.7236,-72.4875,279.64,89,98,2.11,CL,1708682790
126,wewak,-3.5534,143.6268,298.65,91,100,2.63,PG,1708720392
127,east london,-33.0153,27.9116,297.17,76,86,3.26,ZA,1708746738
128,gadzhiyevo,69.2551,33.3362,274.46,85,100,9.42,RU,1708753017
129,praia da vitoria,38.7333,-27.0667,288.01,82,20,3.02,PT,1708763323
130,zheleznogorsk-ilimskiy,56.5768,104.1217,249.7,96,100,2.53,RU,1708733475
131,karratha,-20.7377,116.8463,304.12,65,70,7.37,AU,1708726053
132,nouadhibou,20.931,-17.0347,292.14,72,33,11.83,MR,1708759975
133,uyuni,-20.4597,-66.825,287.25,50,67,5.65,BO,1708683735
134,georgetown,5.4112,100.3354,303.12,75,20,3.6,MY,1708731152
135,lerwick,60.1545,-1.1494,279.15,80,87,4.32,GB,1708759207
136,rongelap,11.1635,166.8941,299.21,79,100,9.85,MH,1708715423
137,igarka,67.4667,86.5833,251.25,97,95,5.03,RU,1708739733
138,longyearbyen,78.2186,15.6401,269.06,80,75,1.54,SJ,1708763038
139,alofi,-19.0595,-169.9187,303.09,79,20,3.6,NU,1708708553
140,flying fish cove,-10.4217,105.6791,301.97,78,40,3.09,CX,1708729207
141,yuzhno-kurilsk,44.0306,145.8556,266.03,58,68,5.32,RU,1708722234
142,guerrero negro,27.9769,-114.0611,292.84,53,0,4.98,MX,1708697239
143,marka,1.7159,44.7717,299.01,75,97,7.35,SO,1708744333
144,college,64.8569,-147.8028,271.33,53,75,3.09,US,1708709008
145,arkhangel'sk,64.5401,40.5433,273.21,100,100,4.0,RU,1708750034
146,gubkin,51.2817,37.5458,273.36,98,57,5.48,RU,1708748826
147,olinda,-8.0089,-34.8553,302.0,74,40,5.66,BR,1708676636
148,americo brasiliense,-21.7244,-48.1017,296.7,72,100,1.71,BR,1708679177
149,nova sintra,14.8667,-24.7167,293.92,69,100,6.87,CV,1708761552
150,kingston,17.997,-76.7936,298.68,61,20,5.14,JM,1708687818
151,singaparna,-7.3515,108.111,301.25,74,91,0.29,ID,1708728755
152,bacacay,13.2934,123.7919,299.93,79,94,4.84,PH,1708725855
153,bam,29.106,58.357,284.1,25,0,1.78,IR,1708742287
154,fish town,5.1964,-7.8756,297.34,91,100,1.56,LR,1708757109
155,saldanha,-33.0117,17.9442,288.18,85,50,1.22,ZA,1708749132
156,pacific grove,36.6177,-121.9166,293.12,75,98,0.45,US,1708699611
157,mount gambier,-37.8333,140.7667,294.46,40,8,3.35,AU,1708719317
158,cockburn town,21.4612,-71.1419,297.49,62,0,5.31,TC,1708686622
159,constantia,44.1833,28.65,281.53,94,99,5.4,RO,1708750343
160,kourou,5.1552,-52.6478,300.18,85,5,3.73,GF,1708681467
161,corner brook,48.9667,-57.9484,273.24,95,100,1.71,CA,1708685208
162,pijijiapan,15.7011,-93.23,296.01,81,0,1.5,MX,1708691658
163,christchurch,-43.5333,172.6333,300.32,40,90,5.66,NZ,1708711221
164,akureyri,65.6835,-18.0878,272.11,93,100,6.69,IS,1708764329
165,necochea,-38.5473,-58.7368,289.82,57,83,6.3,AR,1708680718
166,ballina,-28.8667,153.5667,299.7,73,100,1.13,AU,1708716810
167,sakakah,29.9697,40.2064,287.91,53,100,1.29,SA,1708746685
168,camalu,30.85,-116.0667,291.85,64,0,2.77,MX,1708697873
169,navojoa,27.1,-109.4333,295.9,37,100,3.68,MX,1708696084
170,labrador city,52.9463,-66.9114,263.1,79,100,5.66,CA,1708687761
171,mokameh,25.4,85.9167,288.8,20,10,1.4,IN,1708735491
172,olonkinbyen,70.9221,-8.7187,270.66,89,100,12.8,SJ,1708763676
173,marsa alam,25.0757,34.8918,295.25,61,100,5.67,EG,1708747714
174,tavsanli,39.5424,29.4987,277.9,83,3,1.43,TR,1708749812
175,klyuchi,52.2667,79.1667,253.77,90,97,3.05,RU,1708738952
176,ribeira grande,38.5167,-28.7,288.02,79,100,5.81,PT,1708763701
177,mirnyy,62.5353,113.9611,250.5,76,100,1.79,RU,1708732049
178,sao jose de ribamar,-2.5619,-44.0542,300.36,87,97,3.67,BR,1708679079
179,al jahra',29.3375,47.6581,293.5,29,83,3.0,KW,1708744865
180,bijapur,16.8333,75.7,295.83,31,20,2.33,IN,1708737546
181,calvi,42.5,8.8333,281.5,58,40,4.63,FR,1708754970
182,bamboo flat,11.7,92.7167,300.2,78,20,3.09,IN,1708733243
183,wailua homesteads,22.0669,-159.378,298.39,70,75,6.17,US,1708707817
184,grand falls-windsor,48.9332,-55.6649,270.85,93,100,2.86,CA,1708684658
185,bealanana,-14.55,48.7333,292.38,99,98,1.15,MG,1708742694
186,badger,64.8,-147.5333,271.29,54,75,3.09,US,1708708931
187,soio,-6.1349,12.3689,300.64,85,100,3.86,AO,1708751786
188,alto araguaia,-17.3147,-53.2153,294.09,97,45,2.28,BR,1708680621
189,enewetak,11.3474,162.3373,299.24,77,100,8.54,MH,1708716524
190,baiona,43.4833,-1.4833,279.29,93,100,2.06,FR,1708757515
191,tara,56.8944,74.371,254.28,86,100,3.09,RU,1708740644
192,merizo village,13.2658,144.6691,302.46,83,79,8.58,GU,1708720845
193,cabo san lucas,22.8909,-109.9124,296.21,71,100,2.47,MX,1708695991
194,egilsstadir,65.2653,-14.3948,273.1,80,100,6.17,IS,1708763348
195,las vegas,36.175,-115.1372,291.84,25,75,6.26,US,1708697958
196,bhilai,21.2167,81.4333,293.22,39,0,3.17,IN,1708736368
197,shar,49.5886,81.0453,260.76,92,100,3.86,KZ,1708738237
198,berezovo,63.9381,65.0419,259.46,97,100,2.08,RU,1708744041
199,alegria,9.4669,125.5772,301.3,67,19,1.27,PH,1708725265
200,ceuta,35.8903,-5.3075,286.17,75,95,9.15,ES,1708757930
201,naha,26.2125,127.6811,294.81,73,75,6.17,JP,1708725513
202,sydney mines,46.2367,-60.2177,274.64,94,75,4.12,CA,1708685511
203,winslow,35.0242,-110.6974,286.25,21,0,1.54,US,1708696824
204,tazovsky,67.4667,78.7,249.3,98,70,4.9,RU,1708741620
205,gorontalo,0.5412,123.0595,305.74,54,9,0.51,ID,1708725498
206,trincomalee,8.5711,81.2335,298.77,79,100,2.3,LK,1708735867
207,cannonvale,-20.2833,148.7,300.81,89,100,5.42,AU,1708718428
208,tieli,46.95,128.05,263.09,82,96,1.13,CN,1708726736
209,iznik,40.4286,29.7211,277.91,70,1,2.32,TR,1708749818
210,whangarei,-35.7317,174.3239,301.26,43,38,3.57,NZ,1708711403
211,meadow lake,34.8014,-106.5436,284.1,26,62,2.61,US,1708695814
212,choele choel,-39.2667,-65.6833,291.16,30,0,6.84,AR,1708682333
213,roswell,34.0232,-84.3616,287.09,60,100,5.14,US,1708690449
214,geraldton,-28.7667,114.6,297.38,88,40,4.63,AU,1708726172
215,vila franca do campo,37.7167,-25.4333,287.38,83,99,1.71,PT,1708762867
216,st. john's,47.5649,-52.7093,273.3,96,100,4.63,CA,1708683825
217,lata,40.1629,-8.3327,282.64,86,100,6.44,PT,1708758924
218,vila velha,-20.3297,-40.2925,299.79,93,75,2.06,BR,1708677372
219,mopti,14.6667,-4.0,294.35,12,0,3.94,ML,1708756573
220,bubaque,11.2833,-15.8333,299.39,65,84,5.02,GW,1708759269
221,polyarnyy,69.1989,33.4478,274.68,85,100,9.54,RU,1708752972
222,zhaozhou,45.6833,125.3167,263.97,76,100,2.17,CN,1708727287
223,carnarvon,-24.8667,113.6333,300.86,71,96,6.59,AU,1708726616
224,yacuiba,-22.038,-63.6797,293.94,98,100,1.45,BO,1708682901
225,tvoroyri,61.5556,-6.8111,278.47,72,100,11.21,FO,1708760795
226,chabahar,25.2919,60.643,294.29,60,0,1.67,IR,1708741548
227,kuzhithurai,8.3167,77.1833,299.97,82,66,1.8,IN,1708736828
228,oktyabr'skiy,54.4815,53.471,251.42,99,5,1.79,RU,1708745354
229,oliver,49.1831,-119.5524,283.1,57,48,3.6,CA,1708699994
230,bathsheba,13.2167,-59.5167,299.49,78,40,4.12,BB,1708683460
231,mormugao,15.4,73.8,294.74,73,8,1.54,IN,1708737940
232,mejit,10.2753,170.8646,299.86,82,90,9.73,MH,1708714433
233,fort st. john,56.2499,-120.8529,270.09,93,100,2.57,CA,1708701082
234,nagqu,31.5,92.0,262.6,49,71,2.9,CN,1708734346
235,restrepo,3.822,-76.5224,295.34,93,68,1.64,CO,1708687140
236,yakeshi,49.2833,120.7333,255.7,84,100,0.93,CN,1708728696
237,yen vinh,18.6667,105.6667,294.79,92,100,2.81,VN,1708730439
238,fort bragg,35.139,-79.006,284.9,95,0,1.54,US,1708689231
239,kokshetau,53.2775,69.3883,243.9,95,29,2.3,KZ,1708741404
240,constitucion,-35.3333,-72.4167,288.19,75,0,4.04,CL,1708684229
241,lido adriano,44.4123,12.3086,284.58,74,5,5.53,IT,1708754278
242,manokwari,-0.8667,134.0833,300.42,77,88,3.25,ID,1708722794
243,armacao de buzios,-22.7469,-41.8817,300.18,94,100,8.42,BR,1708677631
244,port lincoln,-34.7333,135.8667,292.81,57,13,6.46,AU,1708720704
245,sabang,5.8933,95.3214,301.65,74,37,6.58,ID,1708732375
246,khamis mushait,18.3064,42.7292,287.73,58,0,0.0,SA,1708745521
247,bartlesville,36.7473,-95.9808,288.12,38,0,2.06,US,1708693400
248,tamanrasset,22.785,5.5228,284.1,17,0,2.06,DZ,1708754650
249,qoryooley,1.7878,44.53,298.17,72,99,5.58,SO,1708744394
250,pekan,3.4836,103.3996,299.21,70,11,3.7,MY,1708730337
251,dakhla,23.6848,-15.958,291.37,87,1,7.96,EH,1708759844
252,watampone,-4.5386,120.3279,303.57,70,24,0.72,ID,1708725942
253,punta arenas,-53.15,-70.9167,282.21,61,0,2.57,CL,1708682235
254,fort drum,44.0584,-75.7619,272.52,79,100,5.66,US,1708689061
255,port saint john's,-31.6229,29.5448,296.43,89,21,3.27,ZA,1708746431
256,foca,38.6703,26.7566,286.06,83,3,5.38,TR,1708750413
257,xapuri,-10.6517,-68.5044,296.44,99,100,0.89,BR,1708684596
258,puerto armuelles,8.2833,-82.8667,301.14,54,4,1.79,PA,1708688850
259,padang,-0.9492,100.3543,302.18,85,100,0.57,ID,1708730885
260,robore,-18.3333,-59.75,297.91,82,100,1.78,BO,1708682141
261,sodra sandby,56.5667,16.6167,275.87,92,100,4.39,SE,1708754439
262,kazan,55.7887,49.1221,259.49,93,13,2.63,RU,1708746552
263,tarko-sale,64.9225,77.785,250.9,98,80,5.67,RU,1708741202
264,tughyl,47.7252,84.2063,259.65,91,100,2.88,KZ,1708737312
265,basotu,-4.3667,35.0833,288.3,76,77,3.01,TZ,1708746408
266,anda,46.4,125.3167,265.48,60,97,2.92,CN,1708727346
267,saudarkrokur,65.7461,-19.6394,271.01,93,99,6.32,IS,1708764715
268,caleta de carquin,-11.0925,-77.6267,297.48,85,41,4.56,PE,1708686766
269,obudu,6.6674,9.1716,299.1,28,100,1.56,NG,1708753079
270,hengchun,22.0042,120.7439,295.91,69,13,7.82,TW,1708726975
271,chalons-en-champagne,48.9539,4.3672,278.19,94,92,5.02,FR,1708756557
272,quellon,-43.1167,-73.6167,284.2,81,100,3.33,CL,1708683931
273,tadine,-21.55,167.8833,300.66,70,100,5.76,NC,1708713761
274,vyerkhnyadzvinsk,55.7815,27.9443,277.24,97,100,4.09,BY,1708751626
275,fraserburgh,57.6874,-2.0184,277.1,71,28,2.24,GB,1708759052
276,port isabel,26.0734,-97.2086,292.17,68,0,3.6,US,1708693100
277,el abiodh sidi cheikh,32.893,0.5484,280.99,63,100,8.17,DZ,1708756354
278,bridgewater,44.3835,-64.5155,278.21,98,100,5.14,CA,1708686390
279,san antonio de pale,-1.4014,5.6325,299.83,85,100,4.31,GQ,1708753598
280,mogocha,53.7333,119.7667,259.4,84,97,0.37,RU,1708729382
281,lebanon,36.2081,-86.2911,285.27,50,0,2.06,US,1708691043
282,guarapari,-20.6667,-40.4975,299.76,94,73,4.58,BR,1708677404
283,ola,59.5833,151.2833,258.23,63,99,4.54,RU,1708722605
284,atafu village,-8.5421,-172.5159,302.59,69,20,5.19,TK,1708796059
285,afua,-0.1567,-50.3867,297.34,94,77,2.01,BR,1708680700
286,narimanov,46.6927,47.8498,265.1,64,0,3.84,RU,1708745939
287,murzuq,25.9155,13.9184,286.74,37,0,3.96,LY,1708752785
288,suntar,62.1444,117.6319,249.18,100,100,1.23,RU,1708731098
289,villa gesell,-37.2639,-56.973,293.18,80,98,10.18,AR,1708680387
290,chibougamau,49.9168,-74.3659,250.94,77,20,4.12,CA,1708689233
291,colchani,-20.3,-66.9333,287.62,43,46,2.85,BO,1708683769
292,kolonia town,6.964,158.206,302.21,79,100,5.14,FM,1708717331
293,kolonia,50.9333,6.95,279.24,82,40,3.6,DE,1708756124
294,kiruna,67.8557,20.2251,271.66,93,75,5.66,SE,1708755724
295,taber,49.8167,-112.1518,279.26,49,7,14.92,CA,1708698280
296,nemuro,43.3236,145.575,265.93,54,4,3.01,JP,1708722247
297,beau vallon,-20.4189,57.6953,298.82,94,75,1.54,MU,1708740269
298,ocean shores,46.9737,-124.1563,283.12,89,6,2.24,US,1708700900
299,makokou,0.5738,12.8642,295.14,98,100,1.35,GA,1708751944
300,santana,-0.0583,-51.1817,301.25,83,20,2.06,BR,1708680895
301,tver,56.8619,35.8931,272.2,88,100,4.47,RU,1708749859
302,kirensk,57.7853,108.1119,252.02,96,100,1.79,RU,1708732682
303,puerto deseado,-47.7503,-65.8938,284.25,56,18,4.11,AR,1708681646
304,callao,-12.0667,-77.15,298.31,78,0,7.72,PE,1708686608
305,nar'yan-mar,67.6713,53.087,272.1,94,100,7.6,RU,1708747807
306,tavrichanka,43.3378,131.8639,268.07,47,8,1.76,RU,1708725536
307,ixtapa,20.7,-105.2,296.61,83,99,0.89,MX,1708694757
308,yatou,37.15,122.3833,273.8,81,100,3.02,CN,1708727388
309,ust'-ordynskiy,52.805,104.7508,246.52,99,100,0.22,RU,1708732878
310,machico,32.7,-16.7667,289.82,70,40,2.57,PT,1708760496
311,tralee,52.2704,-9.7026,279.61,83,73,8.88,IE,1708760249
312,humahuaca,-23.2054,-65.3505,287.98,75,97,1.97,AR,1708683242
313,trairi,-3.2778,-39.2689,298.94,83,100,1.61,BR,1708677900
314,severo-yeniseyskiy,60.3725,93.0408,246.8,99,100,1.34,RU,1708736681
315,san andres,12.5847,-81.7006,300.16,65,20,3.09,CO,1708688755
316,papao,-17.75,-149.55,301.97,71,100,0.81,PF,1708703726
317,alenquer,-1.9417,-54.7383,300.5,67,82,2.08,BR,1708681669
318,las heras,-46.5419,-68.9359,286.56,31,50,3.56,AR,1708682496
319,namibe,-15.1961,12.1522,297.26,85,100,1.79,AO,1708751446
320,malpica,43.3228,-8.8105,282.24,84,84,7.71,ES,1708759259
321,kralendijk,12.15,-68.2667,299.14,83,20,4.63,BQ,1708685513
322,cole harbour,44.6724,-63.4751,277.0,96,100,4.02,CA,1708686164
323,usinsk,65.9939,57.5281,266.52,94,100,9.39,RU,1708746302
324,goundi,9.3627,17.366,299.74,26,63,3.91,TD,1708751224
325,chegdomyn,51.1167,133.0167,253.38,91,88,0.89,RU,1708725929
326,walvis bay,-22.9575,14.5053,289.68,88,0,3.66,NA,1708750513
327,portage la prairie,49.9728,-98.2926,265.99,62,67,4.17,CA,1708694973
328,zinjibar,13.1287,45.3807,296.9,77,98,3.73,YE,1708744660
329,dalby,-27.1833,151.2667,296.75,77,100,1.04,AU,1708717456
330,moss,59.434,10.6577,277.5,87,75,4.63,NO,1708756267
331,timbiras,-4.2553,-43.9406,296.41,97,100,1.09,BR,1708678979
332,trinidad,-14.8333,-64.9,296.86,98,100,1.83,BO,1708683542
333,pangai,-19.8,-174.35,300.21,94,75,5.66,TO,1708796006
334,santa ana,33.7456,-117.8678,297.16,42,75,3.6,US,1708698468
335,motueka,-41.1333,173.0167,296.54,50,68,2.8,NZ,1708711325
336,cuenca,-2.8833,-78.9833,288.22,77,75,3.6,EC,1708687448
337,svetlyy,54.675,20.1347,281.13,88,100,2.82,RU,1708753364
338,banff,51.1762,-115.5698,277.72,41,100,5.14,CA,1708699234
339,kampene,-3.6,26.6667,293.98,98,100,0.66,CD,1708748460
340,iquique,-20.2208,-70.1431,297.17,75,14,3.19,CL,1708684544
341,gumdag,39.2061,54.5906,276.08,52,100,8.14,TM,1708743774
342,brookings,44.3114,-96.7984,272.15,86,100,3.6,US,1708694124
343,itaituba,-4.2761,-55.9836,298.11,79,55,0.95,BR,1708681868
344,sungai penuh,-2.0833,101.3833,292.89,95,100,0.74,ID,1708730591
345,ortakoy,38.7373,34.0387,269.29,64,5,1.15,TR,1708748672
346,sao gabriel da cachoeira,-0.1303,-67.0892,299.32,68,26,0.23,BR,1708684710
347,chernyshevskiy,63.0128,112.4714,249.26,98,100,0.77,RU,1708732498
348,quang ngai,15.1167,108.8,299.0,68,27,0.93,VN,1708729531
349,phan rang-thap cham,11.5667,108.9833,302.0,58,2,4.33,VN,1708729335
350,piti village,13.4626,144.6933,302.64,75,100,8.75,GU,1708720848
351,black point,-34.6187,137.8972,292.13,49,2,3.32,AU,1708720224
352,totness,5.8833,-56.3167,299.55,82,44,5.91,SR,1708682378
353,cadale,2.7603,46.3222,299.48,73,85,8.4,SO,1708744004
354,bairnsdale,-37.8333,147.6167,294.85,53,6,0.89,AU,1708717672
355,dera bugti,29.0307,69.151,284.73,16,30,2.89,PK,1708739694
356,adrar,20.5022,-10.0711,290.39,21,1,4.23,MR,1708758286
357,san lawrenz,36.0553,14.204,287.82,80,100,9.89,MT,1708753261
358,tindouf,27.6711,-8.1474,289.4,55,0,9.26,DZ,1708758164
359,acapulco de juarez,16.8634,-99.8901,300.05,74,20,4.12,MX,1708693308
360,wuyang,31.9925,116.2472,270.72,95,100,2.15,CN,1708728558
361,coahuayana de hidalgo,18.7,-103.6583,295.83,87,0,0.53,MX,1708694295
362,ambalangoda,6.2355,80.0538,299.11,85,98,1.59,LK,1708736053
363,kuressaare,58.2481,22.5039,274.23,99,99,1.54,EE,1708753255
364,tomatlan,19.9333,-105.25,295.37,62,14,0.55,MX,1708694733
365,mersing,2.4312,103.8405,302.1,74,20,3.09,MY,1708730188
366,dom pedrito,-30.9828,-54.6731,298.23,60,81,2.54,BR,1708680245
367,matelandia,-25.2408,-53.9964,294.52,95,99,1.93,BR,1708680409
368,mohr,54.3528,9.7167,276.2,92,18,3.09,DE,1708755823
369,euclides da cunha,-10.5075,-39.0158,295.32,86,3,2.8,BR,1708677525
370,fiambala,-27.6871,-67.6149,290.77,77,100,2.81,AR,1708683544
371,pereslavl'-zalesskiy,56.7393,38.8563,270.49,92,99,6.39,RU,1708749133
372,ciudad acuna,29.3232,-100.9522,297.47,25,0,2.57,MX,1708694165
373,toliara,-23.35,43.6667,299.22,79,48,2.74,MG,1708743492
374,nuuk,64.1835,-51.7216,261.48,73,100,3.65,GL,1708685854
375,salumbar,24.1333,74.05,287.21,20,0,2.13,IN,1708738276
376,aleksandrov gay,50.147,48.5704,258.63,83,4,3.18,RU,1708746073
377,urengoy,65.9667,78.3667,250.4,99,87,4.72,RU,1708741308
378,king,47.4665,-121.8179,278.62,88,4,0.45,US,1708700382
379,katsuura,35.1333,140.3,280.78,57,96,7.51,JP,1708722969
380,dokkum,53.3222,5.997,279.15,90,100,4.12,NL,1708756599
381,malango,-2.9627,119.9001,300.85,68,3,0.64,ID,1708726111
382,salinopolis,-0.6136,-47.3561,299.35,87,100,4.74,BR,1708679954
383,notodden,59.5594,9.2585,276.9,86,100,0.89,NO,1708756621
384,puerto san jose,13.9256,-90.8244,298.17,75,3,3.64,GT,1708691003
385,wurtulla,-26.7568,153.1256,301.01,76,100,2.2,AU,1708717033
386,kruisfontein,-34.0033,24.7314,291.97,92,10,8.29,ZA,1708747441
387,gizo,-8.103,156.8419,302.37,74,73,2.07,SB,1708717027
388,orchard homes,46.8633,-114.0484,280.23,49,0,3.09,US,1708698467
389,horta,38.5333,-28.6333,287.6,79,100,5.81,PT,1708763686
390,amursk,50.2261,136.8994,256.48,90,100,2.72,RU,1708724911
391,ginir,7.1333,40.7,287.64,48,85,2.07,ET,1708745533
392,bereeda,11.8704,51.0579,296.22,69,100,2.38,SO,1708743245
393,touros,-5.1989,-35.4608,299.58,84,0,3.96,BR,1708676903
394,ingeniero jacobacci,-41.3427,-69.5448,291.61,20,100,1.32,AR,1708683099
395,xixiang,35.1628,112.865,273.17,80,100,1.82,CN,1708729550
396,dolores,-36.3132,-57.6792,291.91,86,74,5.23,AR,1708680623
397,novodvinsk,64.4165,40.8122,273.01,92,100,4.87,RU,1708749943
398,kavieng,-2.5744,150.7967,302.6,70,86,0.74,PG,1708718712
399,cuatro cienegas de carranza,26.9833,-102.0833,292.42,35,100,2.83,MX,1708694315
400,ahwa,20.75,73.6833,288.12,22,0,0.85,IN,1708738206
401,florenville,49.6998,5.3074,277.25,97,99,3.5,BE,1708756400
402,lorengau,-2.0226,147.2712,301.71,79,84,0.7,PG,1708719581
403,ketchikan,55.3422,-131.6461,279.41,61,100,0.0,US,1708703553
404,lockwood,45.8191,-108.4149,282.09,33,20,9.77,US,1708697029
405,xining,36.6167,101.7667,266.4,74,100,0.78,CN,1708732299
406,victoria falls,-17.9235,25.843,292.7,48,4,2.2,ZW,1708748034
407,cidreira,-30.1811,-50.2056,297.39,86,0,1.27,BR,1708679220
408,kiunga,-6.1219,141.2906,303.35,65,100,1.43,PG,1708720844
409,ribas do rio pardo,-20.4431,-53.7592,297.07,88,100,1.69,BR,1708680599
410,nabire,-3.3667,135.4833,302.6,71,76,2.08,ID,1708722354
411,harstad,68.799,16.5293,277.81,80,27,3.98,NO,1708756891
412,pizarro,4.9533,-77.366,298.61,83,46,1.37,CO,1708687390
413,general pico,-35.6566,-63.7568,291.05,37,20,4.09,AR,1708682128
414,dingtao,35.0683,115.5625,271.18,72,100,3.27,CN,1708728897
415,kilinochchi,9.3961,80.3982,297.14,85,100,1.82,LK,1708736102
416,mitu,1.1983,-70.1733,301.05,59,100,0.73,CO,1708685506
417,brigantine,39.4101,-74.3646,279.29,95,0,2.57,US,1708688390
418,sandnessjoen,66.0217,12.6316,276.44,92,100,9.96,NO,1708757056
419,palmer,42.1584,-72.3287,277.8,83,100,1.32,US,1708688095
420,nenjiang,49.1833,125.2167,259.35,82,100,0.53,CN,1708727613
421,saint croix,17.7397,-64.7388,296.46,77,0,2.06,VI,1708684914
422,kavaratti,10.5669,72.642,300.68,61,97,3.0,IN,1708738012
423,eseka,3.65,10.7667,296.65,93,100,0.78,CM,1708752573
424,fisterra,42.9049,-9.2629,279.68,66,79,12.37,ES,1708759337
425,abu zabad,12.35,29.25,298.32,17,6,8.12,SD,1708748498
426,kapuskasing,49.4169,-82.4331,256.2,60,100,1.54,CA,1708691119
427,surovikino,48.6078,42.8486,267.86,84,95,4.75,RU,1708747303
428,noormarkku,61.5927,21.8685,274.03,93,0,3.6,FI,1708753933
429,kapit,2.0167,112.9333,300.15,83,83,0.42,MY,1708727989
430,amga,60.8953,131.9608,246.31,98,100,0.15,RU,1708727446
431,kismayo,-0.3582,42.5454,299.84,85,37,7.07,SO,1708744782
432,hinton,53.4001,-117.5857,271.79,85,80,2.6,CA,1708699955
433,timimoun,29.2639,0.231,285.36,28,0,3.09,DZ,1708756236
434,jumla,29.2747,82.1838,272.15,50,0,2.39,NP,1708736581
435,arvayheer,46.2639,102.775,258.11,79,16,1.2,MN,1708732738
436,hualien city,23.9769,121.6044,293.78,76,88,3.43,TW,1708726862
437,la sarre,48.8002,-79.1996,246.97,98,51,1.61,CA,1708690286
438,vancleave,30.5405,-88.6875,291.16,72,0,0.0,US,1708691290
439,tyup,42.7276,78.3648,265.38,88,100,3.02,KG,1708738317
440,red hill,33.9996,-79.2581,286.07,8,6,2.44,US,1708689224
441,montrose,38.4166,-108.2673,273.91,50,100,1.31,US,1708696453
442,raduzhny,62.0961,77.475,252.54,98,97,3.31,RU,1708740706
443,bodden town,19.2833,-81.25,299.15,68,20,1.79,KY,1708688946
444,rocha,-34.4833,-54.3333,294.53,88,100,3.97,UY,1708679943
445,ibarra,0.35,-78.1167,289.03,93,68,0.07,EC,1708687376
446,coquimbo,-29.9533,-71.3436,292.0,88,40,4.12,CL,1708684309
447,altai,46.3722,96.2583,253.53,84,97,0.18,MN,1708734309
448,new norfolk,-42.7826,147.0587,295.77,28,0,1.14,AU,1708717427
449,barakani,-12.1356,44.4317,300.71,78,43,1.55,KM,1708743833
450,kamina,-8.7386,24.9906,292.16,96,100,1.52,CD,1708748646
451,lazaro cardenas,17.9583,-102.2,297.2,83,7,1.77,MX,1708693911
452,vodnyy,63.5046,53.4095,267.27,93,99,4.08,RU,1708746737
453,arkalyk,50.2486,66.9114,244.0,88,3,2.3,KZ,1708741687
454,darwin,-12.4611,130.8418,304.29,80,75,5.66,AU,1708723078
455,simanggang,1.2472,111.4528,301.14,83,20,2.24,MY,1708728313
456,mata-utu,-13.2816,-176.1745,302.22,75,39,4.9,WF,1708796737
457,alaghsas,17.0187,8.0168,292.04,9,0,4.86,NE,1708753792
458,vilyuysk,63.7553,121.6247,247.48,100,100,0.7,RU,1708730455
459,niceville,30.5169,-86.4822,292.15,58,0,3.09,US,1708690759
460,wainwright,52.839,-110.8572,273.05,78,79,3.91,CA,1708698280
461,dudinka,69.4058,86.1778,251.27,94,98,7.14,RU,1708740425
462,kenai,60.5544,-151.2583,275.2,89,100,3.6,US,1708708999
463,ugoofaaru,5.6667,73.0,301.48,68,100,4.04,MV,1708737722
464,khandud,36.9513,72.318,250.73,90,83,0.76,AF,1708739381
465,mindif,10.3976,14.4363,297.94,37,100,1.45,CM,1708751970
466,donja mahala,45.0469,18.6664,284.14,53,100,6.24,BA,1708752803
467,'ain el melh,34.8415,4.1638,278.88,79,97,7.62,DZ,1708755598
468,tulun,54.5611,100.5792,249.34,100,100,1.84,RU,1708734075
469,marco island,25.9363,-81.7157,294.28,82,0,5.66,US,1708689377
470,tarawa,1.419,172.984,305.2,70,20,3.09,KI,1708713554
471,santa cruz,-17.8,-63.1667,297.85,100,40,3.09,BO,1708682987
472,carutapera,-1.195,-46.02,297.87,93,100,2.51,BR,1708679608
473,morehead city,34.7229,-76.726,286.17,88,75,5.14,US,1708688659
474,peterhead,57.5058,-1.7981,272.37,73,28,2.17,GB,1708758974
475,urumqi,43.801,87.6005,252.68,84,84,1.0,CN,1708736182
476,jiuquan,39.7432,98.5174,265.58,80,6,1.5,CN,1708733277
477,ingeniero guillermo n. juarez,-23.9,-61.85,298.56,78,98,4.76,AR,1708682365
478,port hedland,-20.3167,118.5667,305.18,66,40,4.63,AU,1708725661
479,yarmouth,41.7057,-70.2286,278.18,94,100,4.02,US,1708687558
480,qarauyl,48.9451,79.255,255.46,98,98,1.91,KZ,1708738607
481,pisco,-13.7,-76.2167,299.18,78,75,5.66,PE,1708686311
482,kajaani,64.2273,27.7285,275.18,93,100,5.66,FI,1708753035
483,thurso,58.5927,-3.5259,278.07,81,32,4.18,GB,1708759540
484,port augusta,-32.5,137.7667,299.21,22,0,3.32,AU,1708720389
485,greymouth,-42.4667,171.2,288.7,92,100,3.8,NZ,1708711654
486,khandyga,62.6667,135.6,239.49,93,45,0.51,RU,1708726893
487,pavlodar,52.3,76.95,250.04,77,0,3.0,KZ,1708739487
488,margate,51.3813,1.3862,277.54,86,100,1.79,GB,1708757502
489,hasaki,35.7333,140.8333,282.2,52,53,8.27,JP,1708722877
490,nago,26.5881,127.9761,294.9,70,79,5.16,JP,1708725461
491,vallenar,-28.5708,-70.7581,291.81,64,0,1.61,CL,1708684249
492,albertina,-22.2008,-46.6158,292.24,94,83,2.14,BR,1708678796
493,tezu,27.9167,96.1667,289.59,90,90,1.18,IN,1708733158
494,poronaysk,49.2167,143.1167,261.33,69,1,1.29,RU,1708723325
495,buka,40.8108,69.1986,274.55,99,100,1.56,UZ,1708740379
496,yanjiang,30.1211,104.6481,276.37,95,100,1.48,CN,1708731238
497,coxen hole,16.3244,-86.5366,294.75,78,0,2.06,HN,1708690080
498,nuku'alofa,-21.1333,-175.2,302.34,89,75,5.14,TO,1708796147
499,pingnan,23.5543,110.3976,281.04,74,100,2.53,CN,1708729530
500,colonia,50.9333,6.95,279.24,82,40,3.6,DE,1708756124
501,pathein,16.7833,94.7333,299.59,50,0,3.32,MM,1708732978
502,parkland,47.1554,-122.434,284.47,79,0,0.45,US,1708700503
503,ca mau,9.1769,105.15,303.55,57,6,4.97,VN,1708730154
504,bandar-e genaveh,29.5791,50.517,291.78,51,47,2.47,IR,1708744192
505,newman,37.3138,-121.0208,291.28,76,56,1.24,US,1708699440
506,barcelona,41.3888,2.159,284.01,59,20,6.17,ES,1708756492
507,peddapuram,17.0833,82.1333,298.2,83,10,1.18,IN,1708736014
508,turpan,42.9333,89.1667,272.64,35,37,1.13,CN,1708735742
509,mugia,43.1041,-9.2179,279.77,68,54,11.3,ES,1708759341
510,ulluaya,42.3738,47.3745,268.18,90,94,0.73,RU,1708745721
511,kollo,13.3043,2.339,300.39,18,1,3.75,NE,1708754994
512,utrik,11.2278,169.8474,299.22,81,68,9.78,MH,1708714717
513,kansanshi,-12.0951,26.4273,290.2,97,100,0.62,ZM,1708748157
514,guangshui,31.6199,113.9978,270.82,88,100,1.92,CN,1708729077
515,ploneour-lanvern,47.9,-4.2833,278.33,87,100,2.06,FR,1708758538
516,manacapuru,-3.2997,-60.6206,301.42,63,48,2.35,BR,1708683023
517,kapa'a,22.0752,-159.319,299.14,69,75,6.17,US,1708707803
518,richards bay,-28.783,32.0377,297.84,78,0,7.54,ZA,1708745996
519,ifrane,33.3333,-5.25,274.39,96,99,5.52,MA,1708757769
520,moab,38.5733,-109.5498,282.18,34,100,1.12,US,1708696771
521,chanar ladeado,-33.3252,-62.0383,291.43,46,0,2.31,AR,1708681868
522,tangalle,6.024,80.7911,298.24,88,100,3.16,LK,1708735867
523,plastun,44.7561,136.2939,268.08,35,0,3.7,RU,1708724582
524,arraial do cabo,-22.9661,-42.0278,299.13,83,75,4.63,BR,1708677655
525,saint-francois,46.4154,3.9054,277.84,72,75,3.09,FR,1708756450
526,san patricio,28.017,-97.5169,293.66,51,68,3.79,US,1708693273
527,puerto carreno,6.189,-67.4859,303.14,51,0,2.57,CO,1708685071
528,wenling,28.3669,121.36,278.11,82,100,2.63,CN,1708727138
529,pinotepa nacional,16.3167,-98.0167,295.42,85,0,0.61,MX,1708692834
530,mar del plata,-38.0023,-57.5575,291.45,68,100,11.62,AR,1708680474
531,sao vicente,-23.9631,-46.3919,301.25,26,20,0.89,BR,1708678651
532,haiku-pauwela,20.9219,-156.3051,298.16,74,40,9.77,US,1708707026
533,susangerd,31.5608,48.1831,291.11,37,97,3.04,IR,1708744857
534,medina,24.4686,39.6142,300.39,34,0,4.12,SA,1708746552
535,tura,25.5198,90.2201,292.66,29,2,0.24,IN,1708734464
536,camacupa,-12.0167,17.4833,291.27,93,100,0.39,AO,1708750307
537,miri,4.4148,114.0089,301.23,89,40,2.57,MY,1708727830
538,freeport,40.6576,-73.5832,281.47,81,100,4.63,US,1708688288
539,undurkhaan,47.3194,110.6556,252.43,90,69,1.55,MN,1708730937
540,aswan,24.0934,32.907,295.76,49,0,2.57,EG,1708748143
541,warrenton,-28.114,24.8475,297.34,42,100,4.84,ZA,1708747759
542,golfito,8.639,-83.166,297.33,88,39,0.8,CR,1708688937
543,kerikeri,-35.2268,173.9474,297.77,56,26,4.04,NZ,1708711527
544,porto murtinho,-21.6989,-57.8825,299.14,82,62,2.65,BR,1708681526
545,tofol,5.3248,163.0078,303.03,70,100,5.14,FM,1708716110
546,coyhaique,-45.5752,-72.0662,282.12,71,0,1.54,CL,1708683340
547,zhaobaoshan,29.9695,121.6875,275.16,92,100,6.23,CN,1708727144
548,popondetta,-8.7537,148.2534,297.31,99,100,0.5,PG,1708719061
549,takoradi,4.8845,-1.7554,300.62,82,100,1.29,GH,1708755628
550,gagliano del capo,39.8442,18.3695,287.51,88,100,9.77,IT,1708752501
551,anapolis,-16.3267,-48.9528,294.41,100,40,3.6,BR,1708679644
552,gaspe,48.8334,-64.4819,272.1,86,75,1.03,CA,1708686762
553,kodinsk,58.6881,99.1844,253.7,96,100,1.62,RU,1708734950
554,noyabrsk,63.1994,75.4507,255.5,96,88,4.47,RU,1708741399
555,ocean city,39.2776,-74.5746,279.29,91,99,0.45,US,1708688431
556,gustavsberg,59.3268,18.3898,276.14,89,100,4.93,SE,1708754398
557,mollerussa,41.6333,0.9,277.62,87,77,2.0,ES,1708756811
558,kalabo,-14.97,22.6814,294.04,69,100,2.1,ZM,1708748929
559,kandahar,31.0,65.75,278.12,34,100,3.1,AF,1708740614
560,sakchu-up,40.3894,125.0467,271.88,62,100,0.23,KP,1708726960
561,chunskiy,56.0815,99.6342,249.08,99,100,1.16,RU,1708734487
562,usogorsk,63.4106,48.6872,269.63,94,100,4.03,RU,1708747849
563,conception bay south,47.4999,-52.9981,273.17,97,100,3.23,CA,1708683889
564,lashkar gah,31.5938,64.3716,280.68,27,100,2.3,AF,1708740977
565,juneau,58.3019,-134.4197,276.15,89,75,4.12,US,1708704615
566,crane,31.3974,-102.3501,290.44,29,96,2.84,US,1708694613
567,aykhal,66.0,111.5,253.0,64,100,1.75,RU,1708733385
568,parauapebas,-6.0675,-49.9022,295.98,98,94,0.54,BR,1708680332
569,twin falls,42.3505,-114.6445,281.34,46,0,1.54,US,1708698254
570,le port,-20.9373,55.2919,299.13,82,12,6.53,RE,1708740821
571,puga,21.5833,-104.8167,291.54,66,99,0.6,MX,1708694706
572,katabu,-4.9333,122.5167,303.21,71,60,1.1,ID,1708725400
573,norfolk county,42.1668,-71.2495,278.09,91,100,1.67,US,1708687837
574,banjarmasin,-3.3244,114.591,303.23,64,32,0.52,ID,1708727370
575,burgos,42.3394,-3.7079,275.38,87,100,7.2,ES,1708757965
576,gorom-gorom,14.4439,-0.2361,296.77,14,0,3.67,BF,1708755661
577,salahonda,2.1019,-78.7217,300.1,80,18,3.07,CO,1708687595
578,sandakan,5.8402,118.1179,301.97,79,40,3.6,MY,1708726903
579,greenville,35.6127,-77.3663,285.24,97,100,0.89,US,1708688867
580,beitbridge,-22.2167,30.0,296.41,51,1,3.89,ZW,1708746830
581,carloforte,39.145,8.3058,285.52,68,8,5.58,IT,1708754868
582,kelso,46.1468,-122.9084,289.13,51,0,3.09,US,1708700531
583,namtsy,62.7161,129.6658,240.47,97,92,0.65,RU,1708728323
584,sittwe,20.15,92.9,295.61,66,7,2.47,MM,1708733568
585,cafayate,-26.073,-65.9761,290.95,92,99,2.43,AR,1708683240
586,island harbour,50.724,-1.2758,277.58,88,7,3.35,GB,1708758075
